sentiment,text,user
"negative","RT @AIEthicsWatch: Artificial Intelligence Is Misreading Human #Emotion\n#AIEthics #EthicalAI #AI #ArtificialIntelligence #Algorithms #Dataâ€¦","olivia_p_walker"
"negative","RT @TysonLester: Via @EconomicTimes: \"Artificial Intelligence &amp; #MachineLearning helping #insurance companies with #Cybersecurity.\" https:/â€¦","TysonLester"
"negative","RT @IainLJBrown: Alation State of Data Culture Report Reveals Barriers in Adopting Artificial Intelligence - Business Wire\n\nRead more here:â€¦","LiquetBot"
"neutral","RT @futurism: Should we replace CEOs with AI?\n\nhttps://t.co/niYPJW9hoG","SEOMalkamDior"
"positive","New rules and proposed fines from the @EU_Commission draw criticism https://t.co/utPtDIFANyâ€¦ https://t.co/CElIirzpTB","iStartNews"
"negative","RT @IainLJBrown: Alation State of Data Culture Report Reveals Barriers in Adopting Artificial Intelligence - Business Wire\n\nRead more here:â€¦","SuzanneC0leman"
"negative","RT @IainLJBrown: Worldwide Artificial Intelligence in Supply Chain Management Industry to 2026 - Featuring 3M, Adidas and Amazon - PRNewswiâ€¦","LiquetBot"
"negative","RT @IainLJBrown: Worldwide Artificial Intelligence in Supply Chain Management Industry to 2026 - Featuring 3M, Adidas and Amazon - PRNewswiâ€¦","SuzanneC0leman"
"negative","RT @SuzanneC0leman: Digitec Galaxus AG Orders 40 Workstations with Logivations Artificial Intelligence Software - Packaging Strategies\n\nReaâ€¦","RobynPope83"
"positive","This is amazing to see companies like https://t.co/RHLaby1zhd using artificial intelligence to help speed up identiâ€¦ https://t.co/dAv1PK6NCL","Natekar_MD"
"negative","RT @SuzanneC0leman: MEDIA ALERT: KeyedIn to Host Adaptive PMO Virtual Event: Leveraging Artificial Intelligence for Organizational Agilityâ€¦","RobynPope83"
"neutral","RT @m0neysha: Oh hey, it's us! ðŸ‘€ @arizeai \n\nhttps://t.co/mHsXBiLfX2 https://t.co/r0x9OH1ueu","eunicekokor"
"positive","RT @BenjaminP3ters: Using artificial intelligence to generate 3D holograms in real-time - Science Daily\n\nRead more here: https://t.co/MPG30â€¦","LiquetBot"
"neutral","RT @RevistaMigala: Cooperativas postcapitalistas lets gooooo!\nhttps://t.co/hfr0QqBO0X","Pitayezca"
"neutral","RT @Paula_Piccard: This is the #algorithm that could save elephants from extinction\n\n#MachineLearning #IIoT #DataScience #5G #WomenInTech #â€¦","chidambara09"
"positive","RT @BenjaminP3ters: Using artificial intelligence to generate 3D holograms in real-time - Science Daily\n\nRead more here: https://t.co/MPG30â€¦","TaylorLevi6"
"negative","RT @BenjaminP3ters: Exercise Reveals Advantages Artificial Intelligence Gives in All-Domain Ops - Department of Defense\n\nRead more here: htâ€¦","LiquetBot"
"negative","RT @BenjaminP3ters: Exercise Reveals Advantages Artificial Intelligence Gives in All-Domain Ops - Department of Defense\n\nRead more here: htâ€¦","TaylorLevi6"
"positive","RT @BenjaminP3ters: Home More Will Robots and Artificial Intelligence Take Your Job? - Money Talks News\n\nRead more here: https://t.co/JdC7mâ€¦","LiquetBot"
"negative","RT @BenjaminP3ters: Using Artificial Intelligence to Save Coral Reefs - Nasdaq\n\nRead more here: https://t.co/7kySNta3AD\n\n#ArtificialIntelliâ€¦","TaylorLevi6"
"positive","RT @BenjaminP3ters: Home More Will Robots and Artificial Intelligence Take Your Job? - Money Talks News\n\nRead more here: https://t.co/JdC7mâ€¦","RobynPope83"
"negative","RT @jamoraquai: It's simple. We make it easy for you to remove image background using artificial intelligence.\n\nðŸ‘‰ https://t.co/QsrZhbnH9zâ€¦","highfiveuphere"
"negative","RT @SuzanneC0leman: Artificial Intelligence: Don't believe the hype - PR Week\n\nRead more here: https://t.co/Ovf30tpleW\n\n#ArtificialIntelligâ€¦","PythonExpertBot"
"negative","RT @SuzanneC0leman: Artificial Intelligence: Don't believe the hype - PR Week\n\nRead more here: https://t.co/Ovf30tpleW\n\n#ArtificialIntelligâ€¦","SuzanneC0leman"
"negative","Artificial Intelligence Is Misreading Human #Emotion\n#AIEthics #EthicalAI #AI #ArtificialIntelligence #Algorithmsâ€¦ https://t.co/dg1H0eUVu8","AIEthicsWatch"
"neutral","RT @darshan_h_sheth: This is the #algorithm that could save elephants from extinction\n\n#MachineLearning #IIoT #DataScience #5G #WomenInTechâ€¦","TheSecretJunio1"
"negative","RT @darshan_h_sheth: Artificial intelligence helps identify authors of Dead Sea Scrolls\n\n#MachineLearning #IIoT #DataScience #5G #WomenInTeâ€¦","TheCuriousLuke"
"negative","RT @Paula_Piccard: Artificial intelligence helps identify authors of Dead Sea Scrolls\n\n#MachineLearning #IIoT #DataScience #5G #WomenInTechâ€¦","chidambara09"
"negative","RT @darshan_h_sheth: Artificial intelligence helps identify authors of Dead Sea Scrolls\n\n#MachineLearning #IIoT #DataScience #5G #WomenInTeâ€¦","chidambara09"
"negative","RT @eLife: 3DeeCellTracker is a versatile new tool that uses artificial intelligence to identify and follow cells in microscopy images andâ€¦","OmCute"
"negative","RT @IainLJBrown: Claro Enterprise Solutions Named Winner in 2021 Artificial Intelligence Excellence Awards - PRNewswire\n\nRead more here: htâ€¦","aProgrammerBot"
"neutral","RT @darshan_h_sheth: This is the #algorithm that could save elephants from extinction\n\n#MachineLearning #IIoT #DataScience #5G #WomenInTechâ€¦","chidambara09"
"negative","RT @IainLJBrown: Claro Enterprise Solutions Named Winner in 2021 Artificial Intelligence Excellence Awards - PRNewswire\n\nRead more here: htâ€¦","LiquetBot"
"negative","RT @IainLJBrown: Claro Enterprise Solutions Named Winner in 2021 Artificial Intelligence Excellence Awards - PRNewswire\n\nRead more here: htâ€¦","TaylorLevi6"
"neutral","RT @futurism: Should we replace CEOs with AI?\n\nhttps://t.co/niYPJW9hoG","ciaoFredy"
"negative","New KPMG research reveals that artificial intelligence is becoming ubiquitous and executives widely believe in itsâ€¦ https://t.co/uIgVl8ALkz","mcaplanNY"
"positive","RT @Businesblog5: Tesla is becoming more of an artificial intelligence and robotic company, says Elon Musk https://t.co/oKuOAQU1jv #Tesla #â€¦","electrocar5"
"positive","RT @Businesblog5: Tesla is becoming more of an artificial intelligence and robotic company, says Elon Musk https://t.co/oKuOAQU1jv #Tesla #â€¦","Teslanews10"
"positive","RT @SuzanneC0leman: AI could replicate, compound existing disparities in COVID-19 care, study finds - Becker's Hospital Review\n\nRead more hâ€¦","TaylorLevi6"
"positive","Artificial Intelligence Is Now Shockingly Good at Sounding Human #AI - https://t.co/tGujuzir7E https://t.co/Oo2N4JfhOC","EmmanuelNaouri"
"positive","Implementing a successful #AI initiative requires access to unpolluted datasets, real-world #ML model scalability tâ€¦ https://t.co/01rdPwQvgL","ozyind"
"positive","Tesla is becoming more of an artificial intelligence and robotic company, says Elon Musk https://t.co/oKuOAQU1jvâ€¦ https://t.co/iBDDgNK4ut","Businesblog5"
"positive","Artificial intelligence is likely going to change many aspects of society, and here is a great clip to demonstrateâ€¦ https://t.co/SDk1eMMO06","Natekar_MD"
"positive","RT @BenjaminP3ters: Artificial Intelligence Is Boosting Hyper-Automation &amp; Winning - Analytics Insight\n\nRead more here: https://t.co/O5u4Djâ€¦","whopcod"
"positive","50 AI companies to watch. Two things standout: (a) the themes - not entirely unexpected, but good to learn of areasâ€¦ https://t.co/7dLVmleokk","radnus0"
"negative","RT @SuzanneC0leman: Justice Authorities Should Stop Fearing Artificial Intelligence: Study - Crime Report\n\nRead more here: https://t.co/Depâ€¦","SuzanneC0leman"
"neutral","RT @DiagnosingML: @techpolicypress talks with Prof Ryan Calo @rcalo about #AI regulatory pathways in Europe and US. https://t.co/xxjPmaSTtVâ€¦","AIEthicsWatch"
"neutral","RT @RevistaMigala: Cooperativas postcapitalistas lets gooooo!\nhttps://t.co/hfr0QqBO0X","CharlyCobain1"
"negative","RT @SuzanneC0leman: Artificial Intelligence (AI) In Retail Market Value Expected To Reach US$ 6,762.3 Million By 2027: Acumen Research Andâ€¦","SuzanneC0leman"
"negative","RT @BenjaminP3ters: IBM uses artificial intelligence to develop potential break-throughs in antibiotics - WRAL Tech Wire\n\nRead more here: hâ€¦","LiquetBot"
"negative","RT @BenjaminP3ters: IBM uses artificial intelligence to develop potential break-throughs in antibiotics - WRAL Tech Wire\n\nRead more here: hâ€¦","TaylorLevi6"
"negative","Spielberg 7: \n\nJaws\nSchindlerâ€™s List\nRaiders of the Lost Ark\nA.I. Artificial Intelligence\nLincoln\nWar of the Worldsâ€¦ https://t.co/5mgL9pfenm","losangelesbey"
"negative","RT @IainLJBrown: AppHarvest acquires ag robotics and artificial intelligence company Root AI to increase efficiency - The Lane Report\n\nReadâ€¦","LiquetBot"
"negative","Artificial Intelligence, Lawyers, And Laws Of War https://t.co/DwA00iTEP2 https://t.co/iLceLSdSWI","VLPTweet"
"negative","RT @IainLJBrown: Artificial Intelligence Requires Repositioning Your Workforce Rather Than Laying Them Off - BBN Times\n\nRead more here: httâ€¦","LiquetBot"
"negative","RT @IainLJBrown: AppHarvest acquires ag robotics and artificial intelligence company Root AI to increase efficiency - The Lane Report\n\nReadâ€¦","TaylorLevi6"
"negative","RT @IainLJBrown: Artificial Intelligence Requires Repositioning Your Workforce Rather Than Laying Them Off - BBN Times\n\nRead more here: httâ€¦","SuzanneC0leman"
"positive","RT @Forbes: This 2021 list features 31 companies appearing for the first time, while seven have qualified for three years in a row: https:/â€¦","innoid"
"positive","RT @BenjaminP3ters: Artificial Intelligence and Automated Systems Legal Update (1Q21) - Gibson Dunn\n\nRead more here: https://t.co/I6n2L4fmfâ€¦","LiquetBot"
"positive","RT @BenjaminP3ters: Artificial Intelligence and Automated Systems Legal Update (1Q21) - Gibson Dunn\n\nRead more here: https://t.co/I6n2L4fmfâ€¦","RobynPope83"
"negative","RT @podcastnotes: An absolute MONSTER with @Breedlove22 and @lexfridman , 4 hours that digs in the base fundamentals of money, the economyâ€¦","taigirtruong"
"negative","RT @FabienBrodie: Business Applications For Artificial Intelligence And Machine Learning - News Anyway\n\nRead more here: https://t.co/iPNjruâ€¦","SuzanneC0leman"
"positive","RT @IainLJBrown: Artificial Intelligence: Can We Trust Machines to Make Fair Decisions? - UC Davis\n\nRead more here: https://t.co/Ucif7kO8mzâ€¦","LiquetBot"
"positive","RT @IainLJBrown: Artificial Intelligence: Can We Trust Machines to Make Fair Decisions? - UC Davis\n\nRead more here: https://t.co/Ucif7kO8mzâ€¦","SuzanneC0leman"
"negative","RT @BenjaminP3ters: Using Artificial Intelligence to Save Coral Reefs - Nasdaq\n\nRead more here: https://t.co/7kySNta3AD\n\n#ArtificialIntelliâ€¦","LiquetBot"
"negative","RT @BenjaminP3ters: Using Artificial Intelligence to Save Coral Reefs - Nasdaq\n\nRead more here: https://t.co/7kySNta3AD\n\n#ArtificialIntelliâ€¦","RobynPope83"
"negative","RT @BenjaminP3ters: Leading American researcher and DKK 350 million will take Danish artificial intelligence research to - EurekAlert\n\nReadâ€¦","LiquetBot"
"negative","RT @BenjaminP3ters: Leading American researcher and DKK 350 million will take Danish artificial intelligence research to - EurekAlert\n\nReadâ€¦","RobynPope83"
"negative","RT @BenjaminP3ters: Artificial intelligence in federal IT - Federal News Network\n\nRead more here: https://t.co/8xLiLl8xCu\n\n#ArtificialIntelâ€¦","RobynPope83"
"positive","RT @IainLJBrown: Artificial intelligence meets real friendship | Sunday AM | https://t.co/mzYsBlYC36 - Lewiston Morning Tribune\n\nRead moreâ€¦","PythonExpertBot"
"positive","RT @BenjaminP3ters: Artificial Intelligence Is Boosting Hyper-Automation &amp; Winning - Analytics Insight\n\nRead more here: https://t.co/O5u4Djâ€¦","PythonExpertBot"
"negative","RT @UNYouthEnvoy: What's artificial intelligence?\n\nHow is it impacting young people's lives &amp; helping us achieve the #GlobalGoals? ðŸ¤”\n\nJoinâ€¦","NolundiL"
"positive","RT @BenjaminP3ters: Artificial Intelligence Is Boosting Hyper-Automation &amp; Winning - Analytics Insight\n\nRead more here: https://t.co/O5u4Djâ€¦","aProgrammerBot"
"negative","my Spielberg 7\n\nA.I Artificial Intelligence \nThe Terminal \nCatch Me If You Can\nSchindler's List\nSaving Private Ryanâ€¦ https://t.co/32xFpxs7wb","spderverses"
"negative","Elon's Q1 Bombshell: Tesla DoJo &amp; Artificial Intelligence\n\nhttps://t.co/j65A5AY36I\n\n@stevenmarkryan https://t.co/UwIG5OtR2a","TeslaHype"
"positive","RT @SuzanneC0leman: New fitness studio using artificial intelligence prepares to open in Middletown - WDRB\n\nRead more here: https://t.co/Vcâ€¦","RobynPope83"
"positive","RT @IainLJBrown: Artificial intelligence meets real friendship | Sunday AM | https://t.co/mzYsBlYC36 - Lewiston Morning Tribune\n\nRead moreâ€¦","LiquetBot"
"positive","RT @IainLJBrown: Artificial intelligence meets real friendship | Sunday AM | https://t.co/mzYsBlYC36 - Lewiston Morning Tribune\n\nRead moreâ€¦","SuzanneC0leman"
"neutral","RT @djleufer: Consultation just opened on the @EU_Commission's AI regulatory proposal\n\nDeadline is 22 June 2021\nhttps://t.co/7Yt3bCfswJ","Catymunozg"
"positive","RT @BenjaminP3ters: Artificial Intelligence Is Boosting Hyper-Automation &amp; Winning - Analytics Insight\n\nRead more here: https://t.co/O5u4Djâ€¦","LiquetBot"
"positive","RT @BenjaminP3ters: Artificial Intelligence Is Boosting Hyper-Automation &amp; Winning - Analytics Insight\n\nRead more here: https://t.co/O5u4Djâ€¦","SuzanneC0leman"
"negative","RT @SuzanneC0leman: Why Artificial Intelligence Might Not Win a War - https://t.co/QiHq3zizEI\n\nRead more here: https://t.co/thoER6vgSJ\n\n#Arâ€¦","RobynPope83"
"negative","RT @ICOAnnouncement: ðŸŽ™ New Project \n\nðŸ”· TeslaFan (TESLF)\n\nðŸ”¶ TeslaFan aims to combine blockchain technology and artificial intelligence and pâ€¦","YYaneis"
"negative","Artists x Researchers x AI\nA list of artists and researchers working with Artificial Intelligenceâ€¦ https://t.co/gflqiENIct","lcptuk"
"negative","@itsoffwrld @hicetnunc2000 my first NFT on HEN! hope you like pretty girls or artificial intelligence ðŸ’™\nhttps://t.co/7rkqiohihR","00ixy"
"negative","RT @IainLJBrown: Using Artificial Intelligence to Improve Healthcare for All - https://t.co/tNnljXCy2C\n\nRead more here: https://t.co/agATkYâ€¦","LiquetBot"
"negative","RT @Invest_Alberta: With world-leading artificial intelligence research bodies like @AmiiThinks &amp; @DeepMind, Alberta has a vibrant &amp; growinâ€¦","DaveRodneyCAN"
"negative","RT @BenjaminP3ters: Artificial intelligence tools for monitoring employees come with complications - Houston Chronicle\n\nRead more here: httâ€¦","LiquetBot"
"negative","RT @SuzanneC0leman: Penn State launches new artificial intelligence center for engineered systems | Penn State University - Penn State Newsâ€¦","RobynPope83"
"negative","RT @BenjaminP3ters: Artificial intelligence tools for monitoring employees come with complications - Houston Chronicle\n\nRead more here: httâ€¦","SuzanneC0leman"
"negative","Artificial Intelligenceâ€Šâ€”â€Šthe driving force of Industry 4.0 #ArtificialIntelligence via https://t.co/cBj7YRwrst https://t.co/rkwwPO4Qyc","PawanSomanchi"
"negative","RT @IainLJBrown: ACLU requests documents on artificial intelligence from national security agencies - JURIST\n\nRead more here: https://t.co/â€¦","sectest9"
"negative","RT @IainLJBrown: ACLU requests documents on artificial intelligence from national security agencies - JURIST\n\nRead more here: https://t.co/â€¦","CyberSecurityN8"
"negative","RT @IainLJBrown: ACLU requests documents on artificial intelligence from national security agencies - JURIST\n\nRead more here: https://t.co/â€¦","LiquetBot"
"negative","RT @IainLJBrown: ACLU requests documents on artificial intelligence from national security agencies - JURIST\n\nRead more here: https://t.co/â€¦","RobynPope83"
"neutral","RT @InfosecurityMag: The rise of Ransomware-as-a-Service (RaaS) has only increased the danger posed by #ransomware. Find out why the only vâ€¦","phoneguymark"
"neutral","Argument to replace CEOs with AI https://t.co/229DfQJ6iD","HerrWagner1680"
"positive","RT @BenjaminP3ters: Google Maps using artificial intelligence to help point people in the right direction - ZDNet\n\nRead more here: https://â€¦","aProgrammerBot"
"positive","RT @SuzanneC0leman: A Fresh Perspective on Ports and Artificial Intelligence - The Maritime Executive\n\nRead more here: https://t.co/40TY3jAâ€¦","RobynPope83"
"positive","RT @BenjaminP3ters: Google Maps using artificial intelligence to help point people in the right direction - ZDNet\n\nRead more here: https://â€¦","SuzanneC0leman"